<?xml version="1.0" encoding="UTF-8" standalone="yes"?>
<addon id="plugin.video.spartan" name="Naths Wizard" version="0.12.0" provider-name="">
  <requires>
    <import addon="xbmc.python" version="2.1.0"/>
  </requires>
  <extension point="xbmc.python.pluginsource" library="default.py">
        <provides>video executable</provides>
  </extension>
  <extension point="xbmc.addon.metadata">
		<summary lang="en">Naths Wizard</summary>
		<description lang="en">In this wizard you will find the latest NathsBuild build</description>
		<disclaimer lang="en">Updates included are the following: DexterTv 1.0.6, A wide variety of Anime sections under Cartoons, updated Genesis and cosmetic issues and small bugs. Visit spartanpixel.net for more info.</disclaimer>
		<forum>http:///</forum>
		<source>http://</source>
		<website>https://www.youtube.com/TechTimeruuu</website>
		<platform>all</platform>
	</extension>
</addon>
